element,coefficient
Mg,0.0011860614084520178
Ni,0.003291171017028648
Fe,0.003189374388342769
Ca,0.002150813742198987
S,0.004666715452031336
Ti,0.0007805407476003859
Si,0.000982449721881478
